,Unnamed: 0.1,_id,screen_name,follower_count,location,Ad Name,created_at,mediaType,lang,source,text,full_text,og_tweet_un,in_reply_to_screen_name,favorite_count,quote_count,reply_count,retweet_count,sentiment,Unnamed: 0
0,0,620a2584d4fa798ac31070e5,mirin1059,114,神奈川県 横浜市,Amazon - Mind Reader,2022-02-14 02:59:59,,ja,Twitter for iPhone,"RT @Genshin_7: ＼6日目／
#原神 Ver.2.5アップデート直前！Twitterキャンペーン

原神グッズやAmazonギフト券10000円分が当たるチャンス！

▼参加方法
①@Genshin_7をフォロー
②本ツイートをRT
③その場で結果が届く

2月18…","＼6日目／
#原神 Ver.2.5アップデート直前！Twitterキャンペーン

原神グッズやAmazonギフト券10000円分が当たるチャンス！

▼参加方法
①@Genshin_7をフォロー
②本ツイートをRT
③その場で結果が届く

2月18日(金)23:59まで毎日チャレンジ！

▼規約
https://t.co/NXI6nLShlr

#原神CP",Genshin_7,,0,0,0,0,0.0,0.0
1,1,620a2584d4fa798ac31070e6,hirorin_go,648,,Amazon - Mind Reader,2022-02-14 02:59:59,,ja,Twitter Web App,貝印 Kai House Select 自在落しぶた 16~24cm DH-7154 https://t.co/hD7j6oJivE @amazonより,貝印 Kai House Select 自在落しぶた 16~24cm DH-7154 https://t.co/hD7j6oJivE @amazonより,,,0,0,0,0,0.0,1.0
2,2,620a2584d4fa798ac31070e7,marialo04883049,26,,Amazon - Mind Reader,2022-02-14 02:59:59,,und,Twitter Web App,@Billyhottakes https://t.co/2dUaSdinuY,@Billyhottakes https://t.co/2dUaSdinuY,,Billyhottakes,0,0,0,0,0.0,2.0
3,3,620a2584d4fa798ac31070e8,reds_cat,691,,Amazon - Mind Reader,2022-02-14 02:59:59,,ja,Twitter for Android,"RT @athome_campaign: アットホーム
#第二弾新生活応援キャンペーン 🎉
　　 　
🎁Amazonギフト券1,000円分🎁

を抽選で
【毎日50名さま】にプレゼント‼️

応募方法
①@athome_campaignをフォロー
②規約に同意の上、本投稿をRT…","アットホーム
#第二弾新生活応援キャンペーン 🎉
　　 　
🎁Amazonギフト券1,000円分🎁

を抽選で
【毎日50名さま】にプレゼント‼️

応募方法
①@athome_campaignをフォロー
②規約に同意の上、本投稿をRT

抽選結果が自動返信ですぐ届くよ🙌

2022/2/21まで、1日1回応募可能！
チャレンジしてね🥰",athome_campaign,,0,0,0,0,0.9169,3.0
4,4,620a2584d4fa798ac31070e9,kirry_v,214,お布団の中,Amazon - Mind Reader,2022-02-14 02:59:59,,ja,Twitter for iPhone,"RT @omutubestp: 🌸春のまとめ買いで25％オフ🌸

Amazonで対象商品3点購入で
25％オフになるセールが開始❤

🔵期間：2/14~2/25
🔵対象商品：ドラスト・食品・日用品やオムツもあり
🔵割引額：3点以上15%・5点以上25%OFF
※同一可

クーポ…","🌸春のまとめ買いで25％オフ🌸

Amazonで対象商品3点購入で
25％オフになるセールが開始❤

🔵期間：2/14~2/25
🔵対象商品：ドラスト・食品・日用品やオムツもあり
🔵割引額：3点以上15%・5点以上25%OFF
※同一可

クーポンや定期便商品と併用できるので
かなりお得に❤

▶https://t.co/qZKqcvLELJ",omutubestp,,0,0,0,0,0.8957,4.0
5,5,620a2584d4fa798ac31070ea,FilmTalkYT1,48,Grand Budapest Hotel,Amazon - Mind Reader,2022-02-14 02:59:59,,en,Twitter for iPhone,"RT @DiscussingFilm: First look at ‘THE LORD OF THE RINGS: THE RINGS OF POWER’.

The series premieres September 2 on Amazon. https://t.co/fP…",,DiscussingFilm,,0,0,0,0,0.1779,5.0
6,6,620a2584d4fa798ac31070eb,uqn51,9,,Amazon - Mind Reader,2022-02-14 02:59:59,,ja,おすすめ商品紹介,"今、アマゾン(amazon)でおすすめしたいおもちゃは……

✔️アルミ製パズルフレーム マイパネル ブラック (50x75cm) &amp; ジグソーパズル RADIO EVA Illusrtation 04 スポーツMIXスタイル 1… https://t.co/iDNso3UbrP","今、アマゾン(amazon)でおすすめしたいおもちゃは……

✔️アルミ製パズルフレーム マイパネル ブラック (50x75cm) &amp; ジグソーパズル RADIO EVA Illusrtation 04 スポーツMIXスタイル 1000ピース (50x75cm)【セット買い】

[2022/02/14 11:59]
https://t.co/79ltC7K7J0",,,0,0,1,0,0.0,6.0
7,7,620a2584d4fa798ac31070ec,tomu_1019,12,,Amazon - Mind Reader,2022-02-14 02:59:58,,ja,Twitter for iPhone,"RT @Genshin_7: ＼1日目／
#原神 Ver.2.5アップデート直前！Twitterキャンペーン

原神グッズやAmazonギフト券10000円分が当たるチャンス！

▼参加方法
①@Genshin_7をフォロー
②本ツイートをRT
③その場で結果が届く

2月18…","＼1日目／
#原神 Ver.2.5アップデート直前！Twitterキャンペーン

原神グッズやAmazonギフト券10000円分が当たるチャンス！

▼参加方法
①@Genshin_7をフォロー
②本ツイートをRT
③その場で結果が届く

2月18日(金)23:59まで毎日チャレンジ！

▼規約
https://t.co/NXI6nLShlr

#原神CP",Genshin_7,,0,0,0,0,0.0,7.0
8,8,620a2584d4fa798ac31070ed,taikichi_RT,4454,,Amazon - Mind Reader,2022-02-14 02:59:58,,ja,Twitter for iPhone,"RT @mi_pandas03: ／
Amazonプライムビデオ🔵
＼
#鬼滅の刃　#アマゾン  #Amazon
#アニメ
鬼滅の刃　遊郭編
　最終回配信中🌈

30日体験で無料視聴しよう❗️

↓

https://t.co/aUDyWKH4yO",,mi_pandas03,,0,0,0,0,0.1779,8.0
9,9,620a2584d4fa798ac31070ee,SHIN_Luckyjs,0,,Amazon - Mind Reader,2022-02-14 02:59:58,,ja,Twitter for iPhone,"RT @Genshin_7: ＼6日目／
#原神 Ver.2.5アップデート直前！Twitterキャンペーン

原神グッズやAmazonギフト券10000円分が当たるチャンス！

▼参加方法
①@Genshin_7をフォロー
②本ツイートをRT
③その場で結果が届く

2月18…","＼6日目／
#原神 Ver.2.5アップデート直前！Twitterキャンペーン

原神グッズやAmazonギフト券10000円分が当たるチャンス！

▼参加方法
①@Genshin_7をフォロー
②本ツイートをRT
③その場で結果が届く

2月18日(金)23:59まで毎日チャレンジ！

▼規約
https://t.co/NXI6nLShlr

#原神CP",Genshin_7,,0,0,0,0,0.0,9.0
10,10,620a2584d4fa798ac31070ef,kimikairo78,10,,Amazon - Mind Reader,2022-02-14 02:59:58,,ja,Twitter for Android,"RT @sunosoku_info: 予約再開中

2/22 発売「anan（アンアン）3/2 号」

表紙：渡辺翔太（Snow Man）
モテコスメ大賞

▼Amazon
https://t.co/GSGFXKPBYD

▼セブンネット
https://t.co/DyHNE2…",,sunosoku_info,,0,0,0,0,0.0,10.0
11,11,620a2584d4fa798ac31070f0,sakura2276,7961,無言フォローOK！敬語ポイ！🙆,Amazon - Mind Reader,2022-02-14 02:59:58,,ja,Twitter for Android,"RT @Baaabu_6: 💝総勢20名ﾊﾞﾚﾝﾀｲﾝ特別企画💝
／
 スターバックス コーヒー
 ドリンクチケット￥700🎟
＼
✨お好きなギフカ500円変更可✨
(PayPay,Amazon,iTunes,Google)

🔻参加条件🔻
❏フォロー＆リツート

#総勢20名…","💝総勢20名ﾊﾞﾚﾝﾀｲﾝ特別企画💝
／
 スターバックス コーヒー
 ドリンクチケット￥700🎟
＼
✨お好きなギフカ500円変更可✨
(PayPay,Amazon,iTunes,Google)

🔻参加条件🔻
❏フォロー＆リツート

#総勢20名の本命の愛をあなたに 
⬆️から他の企画に参加♡

⏰締切2月15日23時〆 https://t.co/MMxGkE2FWj",Baaabu_6,,0,0,0,0,0.8519,11.0
12,12,620a2584d4fa798ac31070f1,utasenn,185,,Amazon - Mind Reader,2022-02-14 02:59:58,,ja,Twitter for Android,"欲しいものリスト公開してーって声があり、公開してみます
プロフィールにリンク貼ってみました

まあ、来ないっしょ🤣🤣

https://t.co/c7sDazKUQZ","欲しいものリスト公開してーって声があり、公開してみます
プロフィールにリンク貼ってみました

まあ、来ないっしょ🤣🤣

https://t.co/c7sDazKUQZ",,,3,0,1,0,0.7506,12.0
13,13,620a2584d4fa798ac31070f2,FiyaCops,506,,Amazon - Mind Reader,2022-02-14 02:59:58,,und,FiyaCops.com,"🚨🚨 #RESTOCK #ALERT 🚨🚨

#rx6700xt #gaming

https://t.co/B50y9sidBB","🚨🚨 #RESTOCK #ALERT 🚨🚨

#rx6700xt #gaming

https://t.co/B50y9sidBB",,,0,0,0,0,0.4466,13.0
14,14,620a2584d4fa798ac31070f3,boqli1,59,,Amazon - Mind Reader,2022-02-14 02:59:58,,und,sociaI,"🚨🚨 #RESTOCK #ALERT 🚨🚨

#rx6700xt #gaming

https://t.co/GrRONbXD8J","🚨🚨 #RESTOCK #ALERT 🚨🚨

#rx6700xt #gaming

https://t.co/GrRONbXD8J",,,0,0,0,0,0.4466,14.0
15,15,620a2584d4fa798ac31070f4,FiyaCops,506,,Amazon - Mind Reader,2022-02-14 02:59:58,,und,FiyaCops.com,"🚨🚨 #RESTOCK #ALERT 🚨🚨

#rx6800xt #gaming

https://t.co/dUzV7lnpqv","🚨🚨 #RESTOCK #ALERT 🚨🚨

#rx6800xt #gaming

https://t.co/dUzV7lnpqv",,,0,0,0,0,0.4466,15.0
16,16,620a2584d4fa798ac31070f5,boqli1,59,,Amazon - Mind Reader,2022-02-14 02:59:58,,und,sociaI,"🚨🚨 #RESTOCK #ALERT 🚨🚨

#rx6800xt #gaming

https://t.co/Ljp1fmEKQy","🚨🚨 #RESTOCK #ALERT 🚨🚨

#rx6800xt #gaming

https://t.co/Ljp1fmEKQy",,,0,0,0,0,0.4466,16.0
17,17,620a2584d4fa798ac31070f6,anemone64h37,140,佐賀県,Amazon - Mind Reader,2022-02-14 02:59:57,,ja,Twitter for Android,"RT @itakoi_drama: 皆様、お久しぶりです😭😎🥺💕

Blu-ray＆DVD BOXの収録内容が決定❣
クランクイン直前インタビューやメイキング、将希告白集など豪華映像をたっぷり収録📹
封入特典としてビジュアルブックも✨

#渡辺大知 #菊池風磨 #アイクぬわら…","皆様、お久しぶりです😭😎🥺💕

Blu-ray＆DVD BOXの収録内容が決定❣
クランクイン直前インタビューやメイキング、将希告白集など豪華映像をたっぷり収録📹
封入特典としてビジュアルブックも✨

#渡辺大知 #菊池風磨 #アイクぬわら
ご予約はこちらより↓
https://t.co/j3o3MRDBHj https://t.co/GYkhCUPlYb",itakoi_drama,,0,0,0,0,0.8934,17.0
18,18,620a2584d4fa798ac31070f7,upbxNF2b6IJrb6c,66,,Amazon - Mind Reader,2022-02-14 02:59:57,,ja,Twitter for iPhone,"RT @athome_campaign: アットホーム
#第二弾新生活応援キャンペーン 🎉
　　 　
🎁Amazonギフト券1,000円分🎁

を抽選で
【毎日50名さま】にプレゼント‼️

応募方法
①@athome_campaignをフォロー
②規約に同意の上、本投稿をRT…","アットホーム
#第二弾新生活応援キャンペーン 🎉
　　 　
🎁Amazonギフト券1,000円分🎁

を抽選で
【毎日50名さま】にプレゼント‼️

応募方法
①@athome_campaignをフォロー
②規約に同意の上、本投稿をRT

抽選結果が自動返信ですぐ届くよ🙌

2022/2/21まで、1日1回応募可能！
チャレンジしてね🥰",athome_campaign,,0,0,0,0,0.9169,18.0
19,19,620a2584d4fa798ac31070f8,dciguns,12314,茨城県常総市,Amazon - Mind Reader,2022-02-14 02:59:57,,ja,Hootsuite Inc.,"【入荷情報】
GBLS DAS GDR-15専用
バッテリーインバッファーチューブ

直販FC2にて受付を再開いたしました！
https://t.co/LWwsFhj55N

Amazonもすでにご購入可能となっています
https://t.co/xkfFEiWzak","【入荷情報】
GBLS DAS GDR-15専用
バッテリーインバッファーチューブ

直販FC2にて受付を再開いたしました！
https://t.co/LWwsFhj55N

Amazonもすでにご購入可能となっています
https://t.co/xkfFEiWzak",,,19,2,0,8,0.0,19.0
20,20,620a2584d4fa798ac31070f9,MTuYKNcIBC47wyE,15,,Amazon - Mind Reader,2022-02-14 02:59:57,,ja,Twitter for iPhone,"RT @aquaclara_info: ／
その場で当たる‼️
#フォローRTキャンペーン 実施中🎉
＼
合計1000名様にAmazonギフト券300円分があたる🎁✨

✅応募方法
①@aquaclara_infoをフォロー
②本投稿を2/15 9:59迄にRT
③結果が自動で…","／
その場で当たる‼️
#フォローRTキャンペーン 実施中🎉
＼
合計1000名様にAmazonギフト券300円分があたる🎁✨

✅応募方法
①@aquaclara_infoをフォロー
②本投稿を2/15 9:59迄にRT
③結果が自動で届く
規約https://t.co/9UbTmCk06z
#アクアクララ https://t.co/1BwyIvxLlR",aquaclara_info,,0,0,0,0,0.7845,20.0
21,21,620a2584d4fa798ac31070fa,omiryu1113,101,,Amazon - Mind Reader,2022-02-14 02:59:57,,ja,Twitter for iPhone,"RT @linesec_jp: ／
#LINE証券 Web限定CM⚡️
株をやっている友人が、いきなりカッコよく見える…⁉️👀
＼

#投資デビュー を応援🎉
口座開設＆クイズ正解で、最大3,000円相当の株購入代金プレゼント👉 https://t.co/hZw3uOg9H4…","／
#LINE証券 Web限定CM⚡️
株をやっている友人が、いきなりカッコよく見える…⁉️👀
＼

#投資デビュー を応援🎉
口座開設＆クイズ正解で、最大3,000円相当の株購入代金プレゼント👉 https://t.co/hZw3uOg9H4

🎁Twitter限定🎁
フォロー＆RTでAmazonギフト券1万円分が当たる！
※お礼リプライが届きます",linesec_jp,,0,0,0,0,0.6808,21.0
22,22,620a2584d4fa798ac31070fb,itounagenawa,163,,Amazon - Mind Reader,2022-02-14 02:59:57,,ja,Twitter Web App,"RT @PAAFunMedia: 🌟Amazonギフト券🌟を当てよう‼️

当アカウント
✅@PAAFunMedia をフォローして
✅このツイートをリツイートすると
🌈抽選で50名様に
🌈Amazonギフト券1000円分
🌈当たります！
（応募〆切2022/2/28）

🏆フ…","🌟Amazonギフト券🌟を当てよう‼️

当アカウント
✅@PAAFunMedia をフォローして
✅このツイートをリツイートすると
🌈抽選で50名様に
🌈Amazonギフト券1000円分
🌈当たります！
（応募〆切2022/2/28）

🏆ファンが選ぶ
🏆パチンコ・パチスロ大賞2021
🏆投票受付中！
https://t.co/cNiRIu4QNU  #PSAWD https://t.co/IJoRaVMyCv",PAAFunMedia,,0,0,0,0,0.0,22.0
23,23,620a2584d4fa798ac31070fc,Misanthrope_Cab,434,"Streetsboro, OH",Amazon - Mind Reader,2022-02-14 02:59:57,,en,Twitter for Android,RT @jimmy_dore: Pretty sure this when Neil Young pulls his music from Jeff Bezos owned Amazon cuz the Jeff Bezos owned newspaper is spreadi…,"Pretty sure this when Neil Young pulls his music from Jeff Bezos owned Amazon cuz the Jeff Bezos owned newspaper is spreading anti-mask propaganda, amirite? https://t.co/sojrecRp73",jimmy_dore,,0,0,0,0,0.6369,23.0
24,24,620a2584d4fa798ac31070fd,middle__road,721,日本 大阪,Amazon - Mind Reader,2022-02-14 02:59:57,,ja,Twitter for iPhone,"RT @FFVII_FS_JP: ／
　#FF7コラボ まであと3⃣日！
＼

懐かしのシーンを再現した動画を公開📺✨
今回は【ガードスコーピオンとのバトル】シーン💥

さらに！
抽選でAmazonギフト券5,000円分がもらえる
カウントダウンキャンペーンを開催🎉

🔷応募方…","／
　#FF7コラボ まであと3⃣日！
＼

懐かしのシーンを再現した動画を公開📺✨
今回は【ガードスコーピオンとのバトル】シーン💥

さらに！
抽選でAmazonギフト券5,000円分がもらえる
カウントダウンキャンペーンを開催🎉

🔷応募方法🔷
① @FFVII_FS_JP をフォロー
②本投稿をRT🔄

#FF7FS #FF7R https://t.co/g4lqHwligE",FFVII_FS_JP,,0,0,0,0,0.5994,24.0
25,25,620a2584d4fa798ac31070fe,karaage_kumasan,676,,Amazon - Mind Reader,2022-02-14 02:59:56,,ja,Twitter for iPhone,"RT @Kanamaru_JP: ／
LFVせな 様ご提供で
　　　プレゼント企画🎉✨
＼

#サーティワンアイスクリーム
eGift1000円分が当たる🍨🎁

えらべるPay1000円分に変更可
(Amazon/PayPay/楽天R/スターバックス)

▽応募方法
①@Kan…","／
LFVせな 様ご提供で
　　　プレゼント企画🎉✨
＼

#サーティワンアイスクリーム
eGift1000円分が当たる🍨🎁

えらべるPay1000円分に変更可
(Amazon/PayPay/楽天R/スターバックス)

▽応募方法
①@Kanamaru_JPと@LFV_SN9をフォロー
②投稿にいいね＆RT 〆2月15日まで

当選報告：当選者にDM送信💌 https://t.co/iQ2SY2ebbr",Kanamaru_JP,,0,0,0,0,0.9022,25.0
26,26,620a2584d4fa798ac31070ff,mami41603649,2623,無言フォロー歓迎しますヽ(´▽｀)/,Amazon - Mind Reader,2022-02-14 02:59:56,,ja,Twitter for iPhone,"RT @linesec_jp: ／
#LINE証券 Web限定CM⚡️
株をやっている友人が、いきなりカッコよく見える…⁉️👀
＼

#投資デビュー を応援🎉
口座開設＆クイズ正解で、最大3,000円相当の株購入代金プレゼント👉 https://t.co/hZw3uOg9H4…","／
#LINE証券 Web限定CM⚡️
株をやっている友人が、いきなりカッコよく見える…⁉️👀
＼

#投資デビュー を応援🎉
口座開設＆クイズ正解で、最大3,000円相当の株購入代金プレゼント👉 https://t.co/hZw3uOg9H4

🎁Twitter限定🎁
フォロー＆RTでAmazonギフト券1万円分が当たる！
※お礼リプライが届きます",linesec_jp,,0,0,0,0,0.6808,26.0
27,27,620a2584d4fa798ac3107100,llYyXIdZaaywdZR,38,,Amazon - Mind Reader,2022-02-14 02:59:56,,ja,Twitter for Android,"RT @CAR_GO_OFFICIAL: ／
　　　　応募〆切は３日間❗️
✨任天堂Switch Liteプレゼント✨
＼

抽選にて1名様プレゼント🎁🎮

PayPay Amazonギフト券 2万円変更可
   
　🥂応募方法🥂
①フォロー&amp;ツイートをRT🔁で完了

 応募〆…","／
　　　　応募〆切は３日間❗️
✨任天堂Switch Liteプレゼント✨
＼

抽選にて1名様プレゼント🎁🎮

PayPay Amazonギフト券 2万円変更可
   
　🥂応募方法🥂
①フォロー&amp;ツイートをRT🔁で完了

 応募〆切2月16日18:59迄

＃プレゼント企画 #懸賞 #Switch https://t.co/I3korhBDzL",CAR_GO_OFFICIAL,,0,0,0,0,0.6369,27.0
28,28,620a2584d4fa798ac3107101,yuichaso0617,89,,Amazon - Mind Reader,2022-02-14 02:59:56,,ja,Twitter Web App,"RT @conte_concon: CONTEで
/
総額10万円のAmazonギフト券が当たる
\

お気に入りの靴コンテスト　開催中！

◎応募方法
@conte_conconのフォローとこのツイートのRTのみ！

◎当選内容
Amazonギフト券
10,000円×2名様…","CONTEで
/
総額10万円のAmazonギフト券が当たる
\

お気に入りの靴コンテスト　開催中！

◎応募方法
@conte_conconのフォローとこのツイートのRTのみ！

◎当選内容
Amazonギフト券
10,000円×2名様
1,000円×30名様

◎締切　
2/14 23:59

#プレゼント企画実施中  　#RTキャンペーン 
#Amazonギフト券 https://t.co/yiJ9voa7zE",conte_concon,,0,0,0,0,0.0,28.0
29,29,620a2584d4fa798ac3107102,jonnythottin23,153,"Pearland, TX",Amazon - Mind Reader,2022-02-14 02:59:56,,en,Twitter for iPhone,I got a new case which means i needa stop shoppin on Amazon https://t.co/8kOG011sAM,I got a new case which means i needa stop shoppin on Amazon https://t.co/8kOG011sAM,,,4,0,0,0,-0.128,29.0
30,30,620a2584d4fa798ac3107103,okonasan057,2270,ご縁に感謝⛩️,Amazon - Mind Reader,2022-02-14 02:59:56,,ja,Twitter for Android,"RT @CAR_GO_OFFICIAL: ／
            📣プレゼント企画🎁
PayPay or Amazonギフト券3,000円分
＼

抽選にて1名様プレゼント✨

✨応募方法✨
フォローと投稿をRTで完了！

応募締切は2/15 23:59 

任天堂.スター…","／
            📣プレゼント企画🎁
PayPay or Amazonギフト券3,000円分
＼

抽選にて1名様プレゼント✨

✨応募方法✨
フォローと投稿をRTで完了！

応募締切は2/15 23:59 

任天堂.スターバックス券に変更可 https://t.co/R8dw5hnoK2",CAR_GO_OFFICIAL,,0,0,0,0,0.7579,30.0
31,31,620a2584d4fa798ac3107104,Angel617Liz,1946,USA-Down By The Sea,Amazon - Mind Reader,2022-02-14 02:59:56,,en,Twitter Web App,RT @spaceageoracle: What do you do when the stage lights melt your hairspray &amp; makeup into your eyes? When you can't hear the band &amp; the pr…,"What do you do when the stage lights melt your hairspray &amp; makeup into your eyes? When you can't hear the band &amp; the promoter says, ""Your future isn't in wannabe-star LaLa Land. It's today, so be what you want to become right now."" 
Find out in Chapter One https://t.co/vkdqWY4g1d https://t.co/zLD2fvAqPK",spaceageoracle,,0,0,0,0,0.0772,31.0
32,32,620a2584d4fa798ac3107105,marukodes,66,,Amazon - Mind Reader,2022-02-14 02:59:56,,ja,Twitter for Android,"RT @linesec_jp: ／
#LINE証券 Web限定CM⚡️
株をやっている友人が、いきなりカッコよく見える…⁉️👀
＼

#投資デビュー を応援🎉
口座開設＆クイズ正解で、最大3,000円相当の株購入代金プレゼント👉 https://t.co/hZw3uOg9H4…","／
#LINE証券 Web限定CM⚡️
株をやっている友人が、いきなりカッコよく見える…⁉️👀
＼

#投資デビュー を応援🎉
口座開設＆クイズ正解で、最大3,000円相当の株購入代金プレゼント👉 https://t.co/hZw3uOg9H4

🎁Twitter限定🎁
フォロー＆RTでAmazonギフト券1万円分が当たる！
※お礼リプライが届きます",linesec_jp,,0,0,0,0,0.6808,32.0
33,33,620a2584d4fa798ac3107106,1969ks1969,511,日本 兵庫,Amazon - Mind Reader,2022-02-14 02:59:55,,ja,Twitter for iPhone,"RT @kosodateLIFE_ep: ＼バレンタインキャンペーン／
　　　Amazonギフト券
　　50名様にプレゼント

全国のママ・パパ。
いつもお疲れさまです🍵

育児を頑張るみなさんに
心を込めて贈ります💝

🚩応募方法
① @kosodatelife_ep をフォ…","＼バレンタインキャンペーン／
　　　Amazonギフト券
　　50名様にプレゼント

全国のママ・パパ。
いつもお疲れさまです🍵

育児を頑張るみなさんに
心を込めて贈ります💝

🚩応募方法
① @kosodatelife_ep をフォロー
② この投稿をRT

🚩募集期間
2022年2月28日 23：59まで

#育児 #キャンペーン https://t.co/CioRfdZ5zq",kosodateLIFE_ep,,0,0,0,0,0.6369,33.0
34,34,620a2584d4fa798ac3107107,iy_rd,894,,Amazon - Mind Reader,2022-02-14 02:59:55,,ja,Twitter for iPhone,"RT @Genshin_7: ＼6日目／
#原神 Ver.2.5アップデート直前！Twitterキャンペーン

原神グッズやAmazonギフト券10000円分が当たるチャンス！

▼参加方法
①@Genshin_7をフォロー
②本ツイートをRT
③その場で結果が届く

2月18…","＼6日目／
#原神 Ver.2.5アップデート直前！Twitterキャンペーン

原神グッズやAmazonギフト券10000円分が当たるチャンス！

▼参加方法
①@Genshin_7をフォロー
②本ツイートをRT
③その場で結果が届く

2月18日(金)23:59まで毎日チャレンジ！

▼規約
https://t.co/NXI6nLShlr

#原神CP",Genshin_7,,0,0,0,0,0.0,34.0
35,35,620a2584d4fa798ac3107108,Shopping_Minute,151,,Amazon - Mind Reader,2022-02-14 02:59:55,,fr,"Cheap Bots, Done Quick!","Manette filaire Xbox 360 officielle! 🎮#ideecadeau
 https://t.co/I046Pvohdl","Manette filaire Xbox 360 officielle! 🎮#ideecadeau
 https://t.co/I046Pvohdl",,,0,0,0,0,0.0,35.0
36,36,620a2584d4fa798ac3107109,TZU39,635,六本木,Amazon - Mind Reader,2022-02-14 02:59:55,,ja,Twitter for iPhone,鍵持たないで出かけてしまった、、、オートロックはAmazonの配達に助けられたw,鍵持たないで出かけてしまった、、、オートロックはAmazonの配達に助けられたw,,,0,0,0,0,0.0,36.0
37,37,620a2584d4fa798ac310710a,midorino_edo,599,,Amazon - Mind Reader,2022-02-14 02:59:55,,ja,Twitter for Android,"RT @FushiguroKouV7: 【固定ツイート】
皆様初めまして！
不紫黒コウと言います。
母→ねこたろう【@necotarosan】
モデリング→不紫黒コウ
モデリング講師→露田春【@tuyuta_tuyutuyu】
救援物資→【https://t.co/jOm9gF…","【固定ツイート】
皆様初めまして！
不紫黒コウと言います。
母→ねこたろう【@necotarosan】
モデリング→不紫黒コウ
モデリング講師→露田春【@tuyuta_tuyutuyu】
救援物資→【https://t.co/jOm9gFSOy0…】
Youtube→【https://t.co/5gC4P1mKIv…】#Vtuberさんと繋がりたい https://t.co/x2mAGTvKtg",FushiguroKouV7,,0,0,0,0,0.0,37.0
38,38,620a2584d4fa798ac310710b,MiraiHappySALE,13,,Amazon - Mind Reader,2022-02-14 02:59:55,,ja,Twitter Web App,"馬毛ブラシ,thsgrt【天然馬毛100%】 洋服ブラシ 靴磨き 天然木 多用途 スーツブラシ プロ馬毛ブラシ 静電/ホコリ/花粉 除去 https://t.co/J2zrCmsiYU @amazonより","馬毛ブラシ,thsgrt【天然馬毛100%】 洋服ブラシ 靴磨き 天然木 多用途 スーツブラシ プロ馬毛ブラシ 静電/ホコリ/花粉 除去 https://t.co/J2zrCmsiYU @amazonより",,,0,0,0,0,0.0,38.0
39,39,620a2584d4fa798ac310710c,okeydon,50428,関西,Amazon - Mind Reader,2022-02-14 02:59:55,,ja,Twitter for iPhone,"本日発売、AERA2/21号

◆大特集・羽生結弦が４回転半に挑戦
◆鍵山優真が銀／宇野昌磨が銅

@AERAnetjp

#羽生結弦 #宇野昌磨 #鍵山優真

【Amazon】
https://t.co/KegWIcE46b https://t.co/T5ibaPCraX","本日発売、AERA2/21号

◆大特集・羽生結弦が４回転半に挑戦
◆鍵山優真が銀／宇野昌磨が銅

@AERAnetjp

#羽生結弦 #宇野昌磨 #鍵山優真

【Amazon】
https://t.co/KegWIcE46b https://t.co/T5ibaPCraX",,,3,0,0,0,0.0,39.0
40,40,620a2584d4fa798ac310710d,tomu_1019,12,,Amazon - Mind Reader,2022-02-14 02:59:55,,ja,Twitter for iPhone,"RT @Genshin_7: ＼2日目／
#原神 Ver.2.5アップデート直前！Twitterキャンペーン

原神グッズやAmazonギフト券10000円分が当たるチャンス！

▼参加方法
①@Genshin_7をフォロー
②本ツイートをRT
③その場で結果が届く

2月18…","＼2日目／
#原神 Ver.2.5アップデート直前！Twitterキャンペーン

原神グッズやAmazonギフト券10000円分が当たるチャンス！

▼参加方法
①@Genshin_7をフォロー
②本ツイートをRT
③その場で結果が届く

2月18日(金)23:59まで毎日チャレンジ！

▼規約
https://t.co/NXI6nLShlr

#原神CP",Genshin_7,,0,0,0,0,0.0,40.0
41,41,620a2584d4fa798ac310710e,marialo04883049,26,,Amazon - Mind Reader,2022-02-14 02:59:55,,und,Twitter Web App,@barstoolsports https://t.co/2dUaSdinuY,@barstoolsports https://t.co/2dUaSdinuY,,barstoolsports,0,0,0,0,0.0,41.0
42,42,620a2584d4fa798ac310710f,SergioLopEquiza,761,"Pamplona, Spain",Amazon - Mind Reader,2022-02-14 02:59:54,,es,IFTTT,"Mi novela ""Hundiéndose en el mal"" ya está disponible. Descubre en ella una trama peligrosa y depravada #novelanegra… https://t.co/eEgCQwuTJ5","Mi novela ""Hundiéndose en el mal"" ya está disponible. Descubre en ella una trama peligrosa y depravada #novelanegra #accion #thriller #leer #queleer https://t.co/txCEh3Hxkz",,,0,0,0,0,0.1027,42.0
43,43,620a2584d4fa798ac3107110,AkasoE_info,2761,,Amazon - Mind Reader,2022-02-14 02:59:54,,ja,Twitter for iPhone,"RT @digitaltvguide: ／
2/24発売の
#デジタルTVガイド 4月号
表紙は
#赤楚衛二 &amp; #坂口健太郎✨
＼

#ヒル
#亀梨和也
#広瀬すず
#山本リンダ #真飛聖 #工藤美桜 

📕予約受付中です
https://t.co/2fAgoqkXhK
ht…","／
2/24発売の
#デジタルTVガイド 4月号
表紙は
#赤楚衛二 &amp; #坂口健太郎✨
＼

#ヒル
#亀梨和也
#広瀬すず
#山本リンダ #真飛聖 #工藤美桜 

📕予約受付中です
https://t.co/2fAgoqkXhK
https://t.co/wFYuqNdBkY

3月号の表紙は
#町田啓太✨
発売中です📢
https://t.co/2qGjpyLB4N https://t.co/XOTGCKfiSZ",digitaltvguide,,0,0,0,0,0.5574,43.0
44,44,620a2584d4fa798ac3107111,RanobeLovers,1846,Amazon.co.jpアソシエイト,Amazon - Mind Reader,2022-02-14 02:59:54,,ja,zaiko_sale2,"天才王子の赤字国家再生術２　～そうだ、売国しよう～ (GA文庫) Kindle版
鳥羽 徹

＼✨Amazon ライトノベル 売れ筋ランキング52位✨／(02/14 11:13)時点
https://t.co/j2rAUFRjN9","天才王子の赤字国家再生術２　～そうだ、売国しよう～ (GA文庫) Kindle版
鳥羽 徹

＼✨Amazon ライトノベル 売れ筋ランキング52位✨／(02/14 11:13)時点
https://t.co/j2rAUFRjN9",,,0,0,0,0,0.0,44.0
45,45,620a2584d4fa798ac3107112,est_1a,1216,,Amazon - Mind Reader,2022-02-14 02:59:54,,ja,Twitter for iPhone,"RT @kadokawaDRAMA: ／
『#ランサム交渉人』2/4DVD発売👥
  フォロ－＆RTキャンペーン🌹
＼

抽選で10名様にAmazonギフト(5000円)🎁
危機管理と交渉のエキスパートチームが
巧みな交渉術で絶体絶命の状況を解決に導く新感覚クライム・サスペンス…","／
『#ランサム交渉人』2/4DVD発売👥
  フォロ－＆RTキャンペーン🌹
＼

抽選で10名様にAmazonギフト(5000円)🎁
危機管理と交渉のエキスパートチームが
巧みな交渉術で絶体絶命の状況を解決に導く新感覚クライム・サスペンス💥

応募は👇
①本アカウントをフォロー
②この投稿をRT
2/28〆 当選はDM📩",kadokawaDRAMA,,0,0,0,0,0.1027,45.0
46,46,620a2584d4fa798ac3107113,jaspalbhardwaj,20,,Amazon - Mind Reader,2022-02-14 02:59:54,,en,Twitter for Android,I played this interesting Quiz on Amazon-Play games at Amazon FunZone  https://t.co/vDHw6eN5Cw,I played this interesting Quiz on Amazon-Play games at Amazon FunZone  https://t.co/vDHw6eN5Cw,,,0,0,0,0,0.7371,46.0
47,47,620a2584d4fa798ac3107114,UP1OxKE9RQ1wERq,0,,Amazon - Mind Reader,2022-02-14 02:59:54,,ja,Twitter for iPhone,"RT @Genshin_7: ＼6日目／
#原神 Ver.2.5アップデート直前！Twitterキャンペーン

原神グッズやAmazonギフト券10000円分が当たるチャンス！

▼参加方法
①@Genshin_7をフォロー
②本ツイートをRT
③その場で結果が届く

2月18…","＼6日目／
#原神 Ver.2.5アップデート直前！Twitterキャンペーン

原神グッズやAmazonギフト券10000円分が当たるチャンス！

▼参加方法
①@Genshin_7をフォロー
②本ツイートをRT
③その場で結果が届く

2月18日(金)23:59まで毎日チャレンジ！

▼規約
https://t.co/NXI6nLShlr

#原神CP",Genshin_7,,0,0,0,0,0.0,47.0
48,48,620a2584d4fa798ac3107115,TTBaynt,5808,,Amazon - Mind Reader,2022-02-14 02:59:54,,ja,Twitter for Android,"RT @glampingstyle: 【Amazonギフト券があたるアンケート】

①フォロー
②RT＆いいね
③アンケート回答

↓アンケート
https://t.co/0M5qNAHlha

Amazonギフト券1,000円を10名様へプレゼント
当選はDMにてご連絡

ご…","【Amazonギフト券があたるアンケート】

①フォロー
②RT＆いいね
③アンケート回答

↓アンケート
https://t.co/0M5qNAHlha

Amazonギフト券1,000円を10名様へプレゼント
当選はDMにてご連絡

ご協力をお願いします
先着1000名様まで

#プレゼント　#アマギフ",glampingstyle,,0,0,0,0,0.0,48.0
49,49,620a2584d4fa798ac3107116,kenpon_514,3,,Amazon - Mind Reader,2022-02-14 02:59:54,,ja,Twitter for iPhone,"RT @Genshin_7: ＼6日目／
#原神 Ver.2.5アップデート直前！Twitterキャンペーン

原神グッズやAmazonギフト券10000円分が当たるチャンス！

▼参加方法
①@Genshin_7をフォロー
②本ツイートをRT
③その場で結果が届く

2月18…","＼6日目／
#原神 Ver.2.5アップデート直前！Twitterキャンペーン

原神グッズやAmazonギフト券10000円分が当たるチャンス！

▼参加方法
①@Genshin_7をフォロー
②本ツイートをRT
③その場で結果が届く

2月18日(金)23:59まで毎日チャレンジ！

▼規約
https://t.co/NXI6nLShlr

#原神CP",Genshin_7,,0,0,0,0,0.0,49.0
50,50,620a2584d4fa798ac3107117,hinode246,261,沼って尊い,Amazon - Mind Reader,2022-02-14 02:59:54,,ja,Twitter for Android,RT @oscarnoyukue: 映画版「ロード・オブ・ザ・リング」の前日譚にあたる中つ国の第二紀を描くドラマシリーズ「The Lord of the Rings: The Rings of Power」よりファーストルック画像がお披露目。Amazonはこのシリーズ製作に推定…,映画版「ロード・オブ・ザ・リング」の前日譚にあたる中つ国の第二紀を描くドラマシリーズ「The Lord of the Rings: The Rings of Power」よりファーストルック画像がお披露目。Amazonはこのシリーズ製作に推定10億ドルとも言われる巨費を投入。世界240以上の国と地域で今年9月2日より配信を開始する。 https://t.co/HL5BtTh4BO,oscarnoyukue,,0,0,0,0,0.0,50.0
51,51,620a2584d4fa798ac3107118,athome_campaign,67732,,Amazon - Mind Reader,2022-02-14 02:59:54,,ja,OWNLY Admin,"@birman_cats ご応募ありがとうございます！

抽選結果は動画の最後にあるよ♪
当選した場合は、DMで賞品が届くのでチェックしてね😉✨

🎁✨🎁✨🎁✨🎁✨🎁

抽選でAmazonギフト券1,000円分が当たる
アプリDL… https://t.co/ksV7ASZm5E","@birman_cats ご応募ありがとうございます！

抽選結果は動画の最後にあるよ♪
当選した場合は、DMで賞品が届くのでチェックしてね😉✨

🎁✨🎁✨🎁✨🎁✨🎁

抽選でAmazonギフト券1,000円分が当たる
アプリDLキャンペーン実施中！
こちらもぜひ応募してね▼
https://t.co/nSP0gOV2Hw https://t.co/W4MVsAxyWN",,birman_cats,0,0,0,0,0.9719,51.0
52,52,620a2584d4fa798ac3107119,TRNal79Wn6wejUP,416,,Amazon - Mind Reader,2022-02-14 02:59:53,,ja,Twitter for Android,"RT @aquaclara_info: ／
その場で当たる‼️
#フォローRTキャンペーン 実施中🎉
＼
合計1000名様にAmazonギフト券300円分があたる🎁✨

✅応募方法
①@aquaclara_infoをフォロー
②本投稿を2/15 9:59迄にRT
③結果が自動で…","／
その場で当たる‼️
#フォローRTキャンペーン 実施中🎉
＼
合計1000名様にAmazonギフト券300円分があたる🎁✨

✅応募方法
①@aquaclara_infoをフォロー
②本投稿を2/15 9:59迄にRT
③結果が自動で届く
規約https://t.co/9UbTmCk06z
#アクアクララ https://t.co/1BwyIvxLlR",aquaclara_info,,0,0,0,0,0.7845,52.0
53,53,620a2584d4fa798ac310711a,jgmacleodauthor,48388,"Ontario, Canada",Amazon - Mind Reader,2022-02-14 02:59:53,,en,Twitter Web App,"RT @AuthorCynthiaH: #amreading #maystery #suspense 

Launch day for HOUSES OF DECEPTION, Book 6 in the Madeline Dawkins Mystery Series!

I…","#amreading #maystery #suspense 

Launch day for HOUSES OF DECEPTION, Book 6 in the Madeline Dawkins Mystery Series!

I had so much fun tagging along with Madeline, Mike &amp; Samir as they dealt with two challenging cases full of lies &amp; deceptions . . .

https://t.co/2QZ6k5sSh7 https://t.co/vcI6m5Kfys",AuthorCynthiaH,,0,0,0,0,-0.3709,53.0
54,54,620a2584d4fa798ac310711b,schatten_sml,1770,愛媛,Amazon - Mind Reader,2022-02-14 02:59:53,,ja,Twitter for iPhone,"RT @kosodateLIFE_ep: ＼バレンタインキャンペーン／
　　　Amazonギフト券
　　50名様にプレゼント

全国のママ・パパ。
いつもお疲れさまです🍵

育児を頑張るみなさんに
心を込めて贈ります💝

🚩応募方法
① @kosodatelife_ep をフォ…","＼バレンタインキャンペーン／
　　　Amazonギフト券
　　50名様にプレゼント

全国のママ・パパ。
いつもお疲れさまです🍵

育児を頑張るみなさんに
心を込めて贈ります💝

🚩応募方法
① @kosodatelife_ep をフォロー
② この投稿をRT

🚩募集期間
2022年2月28日 23：59まで

#育児 #キャンペーン https://t.co/CioRfdZ5zq",kosodateLIFE_ep,,0,0,0,0,0.6369,54.0
55,55,620a2584d4fa798ac310711c,nyaca_baseball,17,,Amazon - Mind Reader,2022-02-14 02:59:53,,ja,Twitter for Android,"RT @kosodateLIFE_ep: ＼バレンタインキャンペーン／
　　　Amazonギフト券
　　50名様にプレゼント

全国のママ・パパ。
いつもお疲れさまです🍵

育児を頑張るみなさんに
心を込めて贈ります💝

🚩応募方法
① @kosodatelife_ep をフォ…","＼バレンタインキャンペーン／
　　　Amazonギフト券
　　50名様にプレゼント

全国のママ・パパ。
いつもお疲れさまです🍵

育児を頑張るみなさんに
心を込めて贈ります💝

🚩応募方法
① @kosodatelife_ep をフォロー
② この投稿をRT

🚩募集期間
2022年2月28日 23：59まで

#育児 #キャンペーン https://t.co/CioRfdZ5zq",kosodateLIFE_ep,,0,0,0,0,0.6369,55.0
56,56,620a2584d4fa798ac310711d,birman_cats,306,日本,Amazon - Mind Reader,2022-02-14 02:59:53,,ja,Twitter for iPhone,"RT @athome_campaign: アットホーム
#第二弾新生活応援キャンペーン 🎉
　　 　
🎁Amazonギフト券1,000円分🎁

を抽選で
【毎日50名さま】にプレゼント‼️

応募方法
①@athome_campaignをフォロー
②規約に同意の上、本投稿をRT…","アットホーム
#第二弾新生活応援キャンペーン 🎉
　　 　
🎁Amazonギフト券1,000円分🎁

を抽選で
【毎日50名さま】にプレゼント‼️

応募方法
①@athome_campaignをフォロー
②規約に同意の上、本投稿をRT

抽選結果が自動返信ですぐ届くよ🙌

2022/2/21まで、1日1回応募可能！
チャレンジしてね🥰",athome_campaign,,0,0,0,0,0.9169,56.0
57,57,620a2584d4fa798ac310711e,tudelafobica,284,Ella / La 🏳️‍🌈,Amazon - Mind Reader,2022-02-14 02:59:52,,es,Twitter for iPhone,Tendré q ver el señor de los anillos de nuevo por lo de Amazon,Tendré q ver el señor de los anillos de nuevo por lo de Amazon,,,0,0,0,0,0.1779,57.0
58,58,620a2584d4fa798ac310711f,feed4003,154,,Amazon - Mind Reader,2022-02-14 02:59:52,,ja,ネットの片隅,小っちゃいけどちゃんと明るい！ 非常時にも役立つGENTOSのスモールキーライト https://t.co/js8rdEExWd :ギズモード・ジャパン,小っちゃいけどちゃんと明るい！ 非常時にも役立つGENTOSのスモールキーライト https://t.co/js8rdEExWd :ギズモード・ジャパン,,,0,0,0,0,0.0,58.0
59,59,620a2584d4fa798ac3107120,nemuuu_y,128,,Amazon - Mind Reader,2022-02-14 02:59:52,,ja,Twitter for iPhone,"RT @Babu__run: 🧼ばぶるコラボ企画Vol.⑲♥️
／
  ✨お好きなギフト券 1000円✨
＼
(PayPay,Amazon,iTunes,Google)

🔻応募方法🔻
❏@ru3231フォロー
❏この投稿RT(引用RT取得)

🗓2月14日22:00〆 htt…","🧼ばぶるコラボ企画Vol.⑲♥️
／
  ✨お好きなギフト券 1000円✨
＼
(PayPay,Amazon,iTunes,Google)

🔻応募方法🔻
❏@ru3231フォロー
❏この投稿RT(引用RT取得)

🗓2月14日22:00〆 https://t.co/eldyCFfO1C",Babu__run,,0,0,0,0,0.7579,59.0
60,60,620a2584d4fa798ac3107121,kachin4649,19525,猫のいる場所,Amazon - Mind Reader,2022-02-14 02:59:52,,ja,Twitter Web App,"RT @ikuyadaikokudou: こっちの姫さまも結構食べてるのでよろしくねー！
雑草転生～エルフの里を守りたい～　1 (アース・スターコミックス) https://t.co/5SKSyxGndF @amazonより",,ikuyadaikokudou,,0,0,0,0,0.0,60.0
61,61,620a2584d4fa798ac3107122,girlertest,125,NOアダルト❌　NO副業❌　NOサクラ❌,Amazon - Mind Reader,2022-02-14 02:59:52,,ja,Twitter Web App,"RT @morinaga_angel: ／
#リラックマ × 森永ビスケット × 空箱職人はるきる
『工作パッケージ』RTキャンペーン
＼

♥フォロー＆RTで
Amazonギフト券1,000円を100名に🎁

♥中面の切り取り線で
SNSでも話題のはるきる×リラックマの
8種…","／
#リラックマ × 森永ビスケット × 空箱職人はるきる
『工作パッケージ』RTキャンペーン
＼

♥フォロー＆RTで
Amazonギフト券1,000円を100名に🎁

♥中面の切り取り線で
SNSでも話題のはるきる×リラックマの
8種類のフィギュアがつくれます
動画を見てね♡

内容や作り方は
https://t.co/yo0D6hIIlK https://t.co/luPNcsB8RW",morinaga_angel,,0,0,0,0,0.9062,61.0
62,62,620a2584d4fa798ac3107123,ichigobambiroom,3063,,Amazon - Mind Reader,2022-02-14 02:59:52,,ja,Twitter for iPhone,"+act. ( プラスアクト )―visual interview magazine 2022年 4月号

❤️表紙＆巻頭 Snow Man

#SnowMan #目黒蓮 #向井康二 #ラウール #岩本照 #深澤辰哉 #渡辺翔太… https://t.co/QJJTqVO7zO","+act. ( プラスアクト )―visual interview magazine 2022年 4月号

❤️表紙＆巻頭 Snow Man

#SnowMan #目黒蓮 #向井康二 #ラウール #岩本照 #深澤辰哉 #渡辺翔太 #阿部亮平 #佐久間大介 #宮舘涼太

https://t.co/q4KWZiyY5z",,,0,0,0,0,0.0,62.0
63,63,620a2584d4fa798ac3107124,LRoQJ9tYsK3kwjz,0,,Amazon - Mind Reader,2022-02-14 02:59:51,,ja,Twitter for iPhone,"RT @Genshin_7: ＼6日目／
#原神 Ver.2.5アップデート直前！Twitterキャンペーン

原神グッズやAmazonギフト券10000円分が当たるチャンス！

▼参加方法
①@Genshin_7をフォロー
②本ツイートをRT
③その場で結果が届く

2月18…","＼6日目／
#原神 Ver.2.5アップデート直前！Twitterキャンペーン

原神グッズやAmazonギフト券10000円分が当たるチャンス！

▼参加方法
①@Genshin_7をフォロー
②本ツイートをRT
③その場で結果が届く

2月18日(金)23:59まで毎日チャレンジ！

▼規約
https://t.co/NXI6nLShlr

#原神CP",Genshin_7,,0,0,0,0,0.0,63.0
64,64,620a2584d4fa798ac3107125,KAIUNNsyndrome,2662,永遠のばぶちゃん🍼みゅうの⭐️🐿です🥺→,Amazon - Mind Reader,2022-02-14 02:59:51,,ja,Twitter for iPad,"RT @Babu__run: 🧼ばぶるコラボ企画Vol.⑱♥️
／
  ✨お好きなギフト券 1000円✨
＼
(PayPay,Amazon,iTunes,Google)

🔻応募方法🔻
❏ @beast3409フォロー
❏この投稿RT(引用RT取得)

🗓2月14日22:00〆…","🧼ばぶるコラボ企画Vol.⑱♥️
／
  ✨お好きなギフト券 1000円✨
＼
(PayPay,Amazon,iTunes,Google)

🔻応募方法🔻
❏ @beast3409フォロー
❏この投稿RT(引用RT取得)

🗓2月14日22:00〆 https://t.co/SGcnxFAR35",Babu__run,,0,0,0,0,0.7579,64.0
65,65,620a2584d4fa798ac3107126,KingJoh66348503,145,New York,Amazon - Mind Reader,2022-02-14 02:59:51,,en,Twitter Web App,"@sabrinahellfire @yrnchristoo__ Hi Bro/Sweetie, 

We are the company of Amazon sex toys, and we have a lot of free… https://t.co/ZPlRbbc4LP","@sabrinahellfire @yrnchristoo__ Hi Bro/Sweetie, 

We are the company of Amazon sex toys, and we have a lot of free toys to test.  If you can leave a 5 star review on Amazon after you receive the toy, we will prepay for you.
Please reply if you are interested.(anonymous reviews are also possible)",,sabrinahellfire,0,0,0,0,0.7783,65.0
66,66,620a2584d4fa798ac3107127,mina_JKvoice,572,北海道 札幌市,Amazon - Mind Reader,2022-02-14 02:59:51,,ja,Twitter for iPhone,"RT @kosodateLIFE_ep: ＼バレンタインキャンペーン／
　　　Amazonギフト券
　　50名様にプレゼント

全国のママ・パパ。
いつもお疲れさまです🍵

育児を頑張るみなさんに
心を込めて贈ります💝

🚩応募方法
① @kosodatelife_ep をフォ…","＼バレンタインキャンペーン／
　　　Amazonギフト券
　　50名様にプレゼント

全国のママ・パパ。
いつもお疲れさまです🍵

育児を頑張るみなさんに
心を込めて贈ります💝

🚩応募方法
① @kosodatelife_ep をフォロー
② この投稿をRT

🚩募集期間
2022年2月28日 23：59まで

#育児 #キャンペーン https://t.co/CioRfdZ5zq",kosodateLIFE_ep,,0,0,0,0,0.6369,66.0
67,67,620a2584d4fa798ac3107128,nevermi18704214,918,,Amazon - Mind Reader,2022-02-14 02:59:51,,en,Twitter for iPhone,RT @Adweek: AMAZON: It's always refreshing to see brands and celebrities not take themselves too seriously. Turning Alexa's (occasionally c…,AMAZON: It's always refreshing to see brands and celebrities not take themselves too seriously. Turning Alexa's (occasionally concerning) omnipresence into a way for Scarlett Johansson and Colin Jost to riff was smart. #BigGameReviews https://t.co/kxEpskcrF8,Adweek,,0,0,0,0,0.5319,67.0
68,68,620a2584d4fa798ac3107129,pinata1138,13197,CAN’T DONATE DON’T DM,Amazon - Mind Reader,2022-02-14 02:59:50,,en,Twitter Web App,"RT @BrickSetSearch: LEGO Star Wars Stormtrooper Helmet 75276 Building Kit, Cool Star Wars Collectible for Adults (647 …
🔗 https://t.co/qPnG…","LEGO Star Wars Stormtrooper Helmet 75276 Building Kit, Cool Star Wars Collectible for Adults (647 …
🔗 https://t.co/qPnGNrZyRp
⸻⸻⸻
#SearchNCollect #Amazon #Ad #LEGO #StarWars #Bricks #BrickSetSearch",BrickSetSearch,,0,0,0,0,-0.6369,68.0
69,69,620a2584d4fa798ac310712a,tandthings,105,บ้าน,Amazon - Mind Reader,2022-02-14 02:59:50,,en,Twitter for iPhone,"RT @DiscussingFilm: First look at ‘THE LORD OF THE RINGS: THE RINGS OF POWER’.

The series premieres September 2 on Amazon. https://t.co/fP…",,DiscussingFilm,,0,0,0,0,0.1779,69.0
70,70,620a2584d4fa798ac310712b,Melcoombius,3,,Amazon - Mind Reader,2022-02-14 02:59:50,,en,Social Press Kit,Peruvian Amazon: @PetroPeru_sa plans to invest $ millions into an oil block that has been rejected by Indigenous pe… https://t.co/NktUVzwJMw,Peruvian Amazon: @PetroPeru_sa plans to invest $ millions into an oil block that has been rejected by Indigenous peoples for decades. We join in solidarity w/ the Achuar People of the Pastaza &amp; the Wampis Nation in their campaign to #CancelBlock64. cc: @PedroCastilloTe @MinemPeru https://t.co/J1Ng0O8o4u,,,0,0,0,0,-0.2732,70.0
71,71,620a2584d4fa798ac310712c,yuichaso0617,89,,Amazon - Mind Reader,2022-02-14 02:59:50,,ja,Twitter Web App,"RT @conte_concon: 『CONTE』では
/
総額10万円のAmazonギフト券が当たる
\

「お気に入りの靴コンテスト」開催中！

◎応募方法
@conte_conconのフォローとこのツイートのRTのみ！

◎当選内容
Amazonギフト券
10,000円×…","『CONTE』では
/
総額10万円のAmazonギフト券が当たる
\

「お気に入りの靴コンテスト」開催中！

◎応募方法
@conte_conconのフォローとこのツイートのRTのみ！

◎当選内容
Amazonギフト券
10,000円×2名様
1,000円×30名様

◎締切　
2/14 23:59

#プレゼント企画　#RTキャンペーン #amazonギフト券 https://t.co/ISmBuqefJX",conte_concon,,0,0,0,0,0.0,71.0
72,72,620a2584d4fa798ac310712d,engageinspire22,500,"Buffalo, NY",Amazon - Mind Reader,2022-02-14 02:59:50,,en,Twitter for iPhone,RT @KelMcSigle: Ok #teachertwitter #clearthelist etc etc. @MelissaAndDoug is on sale on @amazon ! I have some big ticket items and I know i…,"Ok #teachertwitter #clearthelist etc etc. @MelissaAndDoug is on sale on @amazon ! I have some big ticket items and I know it’s a lot to ask. However, as any young educator will tell you, THEY LAST. I have so many plastic items I need to return or replace. https://t.co/bEMDSxjdDi",KelMcSigle,,0,0,0,0,0.4926,72.0
73,73,620a2584d4fa798ac310712e,NS09130825,261,,Amazon - Mind Reader,2022-02-14 02:59:50,,ja,Twitter for iPhone,"RT @CAR_GO_OFFICIAL: ／
            📣プレゼント企画🎁
PayPay or Amazonギフト券3,000円分
＼

抽選にて1名様プレゼント✨

✨応募方法✨
フォローと投稿をRTで完了！

応募締切は2/15 23:59 

任天堂.スター…","／
            📣プレゼント企画🎁
PayPay or Amazonギフト券3,000円分
＼

抽選にて1名様プレゼント✨

✨応募方法✨
フォローと投稿をRTで完了！

応募締切は2/15 23:59 

任天堂.スターバックス券に変更可 https://t.co/R8dw5hnoK2",CAR_GO_OFFICIAL,,0,0,0,0,0.7579,73.0
74,74,620a2584d4fa798ac310712f,marialo04883049,26,,Amazon - Mind Reader,2022-02-14 02:59:50,,und,Twitter Web App,@Bengals https://t.co/2dUaSdinuY,@Bengals https://t.co/2dUaSdinuY,,Bengals,0,0,0,0,0.0,74.0
75,75,620a2584d4fa798ac3107130,nuyajo784,67,,Amazon - Mind Reader,2022-02-14 02:59:49,,ja,SocialDog for Twitter,【Innocnモニター・Amazon七日間タイムセール】商品ページの５％クーポンと合わせて計20％の割引でInnocn大画面ウルトラワイドモニターを購入できる！ https://t.co/VtreZS4Pax,【Innocnモニター・Amazon七日間タイムセール】商品ページの５％クーポンと合わせて計20％の割引でInnocn大画面ウルトラワイドモニターを購入できる！ https://t.co/VtreZS4Pax,,,0,0,0,0,0.0,75.0
76,76,620a2584d4fa798ac3107131,latte_asan,89,,Amazon - Mind Reader,2022-02-14 02:59:49,,ja,Twitter for iPhone,"RT @BitgetJP: 入金&amp;取引イベントの開催を記念して、フォロー&amp;リツイートキャンペーンを開催します🎁🎊
@BitgetJP のアカウントをフォロー + こちらのツイートをRTした方の中から抽選で3名様にAmazonギフトコード 5,000円分をプレゼントします✨
🗓…","入金&amp;取引イベントの開催を記念して、フォロー&amp;リツイートキャンペーンを開催します🎁🎊
@BitgetJP のアカウントをフォロー + こちらのツイートをRTした方の中から抽選で3名様にAmazonギフトコード 5,000円分をプレゼントします✨
🗓 2/17 11:59まで！

皆様拡散して、イベントにもご参加下さい☺️ https://t.co/FAATOJBtpo",BitgetJP,,0,0,0,0,0.802,76.0
77,77,620a2584d4fa798ac3107132,taka55516,24,,Amazon - Mind Reader,2022-02-14 02:59:49,,ja,Twitter for Android,"RT @linesec_jp: ／
#LINE証券 Web限定CM⚡️
株をやっている友人が、いきなりカッコよく見える…⁉️👀
＼

#投資デビュー を応援🎉
口座開設＆クイズ正解で、最大3,000円相当の株購入代金プレゼント👉 https://t.co/hZw3uOg9H4…","／
#LINE証券 Web限定CM⚡️
株をやっている友人が、いきなりカッコよく見える…⁉️👀
＼

#投資デビュー を応援🎉
口座開設＆クイズ正解で、最大3,000円相当の株購入代金プレゼント👉 https://t.co/hZw3uOg9H4

🎁Twitter限定🎁
フォロー＆RTでAmazonギフト券1万円分が当たる！
※お礼リプライが届きます",linesec_jp,,0,0,0,0,0.6808,77.0
78,78,620a2584d4fa798ac3107133,GAME_KNIVES_OUT,1536297,香港,Amazon - Mind Reader,2022-02-14 02:59:49,,ja,BelugaCampaignSEA,"@haru2682810855 
荒野万字會制覇行動を応援していただきありがとうございます!

100円分Amazonギフト券が当選されました!
お早めにDMをご確認ください!
制覇行動はまだまだ続いています!
早速イベントに参加… https://t.co/Cvxaf5Kfob","@haru2682810855 
荒野万字會制覇行動を応援していただきありがとうございます!

100円分Amazonギフト券が当選されました!
お早めにDMをご確認ください!
制覇行動はまだまだ続いています!
早速イベントに参加して、より多くの荒野万字會物資をゲットしよう!

#荒野行動 #荒野万字會制覇行動 https://t.co/MpnQQLO9iy",,haru2682810855,0,0,0,0,0.0,78.0
79,79,620a2584d4fa798ac3107134,NoPython,173,,Amazon - Mind Reader,2022-02-14 02:59:49,,ja,Try Python BOT-01,"2022-02-14 11:59:48 のおすすめのアイテムは↓ 
オーディブルが聞き放題になった! 無料でも試せるし通勤に超おすすめ! #無料 #聞き放題 https://t.co/yevIWRRrkX","2022-02-14 11:59:48 のおすすめのアイテムは↓ 
オーディブルが聞き放題になった! 無料でも試せるし通勤に超おすすめ! #無料 #聞き放題 https://t.co/yevIWRRrkX",,,0,0,0,0,0.0,79.0
80,80,620a2584d4fa798ac3107135,AmazonHelp,438496,,Amazon - Mind Reader,2022-02-14 02:59:49,,en,Sprinklr,"@JayKuma12142620 We'd like to help by taking a closer look at this, kindly share your details here:… https://t.co/PvxM2IPQxG","@JayKuma12142620 We'd like to help by taking a closer look at this, kindly share your details here: https://t.co/96j9oidhbs &amp; we'll reach out to you soon.

- Jansi",,JayKuma12142620,0,0,0,0,0.882,80.0
81,81,620a2584d4fa798ac3107136,eof_my,5278,相互フォロー絶対します！,Amazon - Mind Reader,2022-02-14 02:59:49,,ja,ONEof FavoAutoTweet,"Amazonのキャビネットから
気になるアイテムは「コレ」だ👍

アイリスオーヤマ サイドチェスト キャビネット 2段 幅31.2×奥行46.5…

商品サイズ(cm):幅約31.2×奥行約46.5×高さ約59
引き出し内寸サイズ… https://t.co/UXMweIOfcd","Amazonのキャビネットから
気になるアイテムは「コレ」だ👍

アイリスオーヤマ サイドチェスト キャビネット 2段 幅31.2×奥行46.5…

商品サイズ(cm):幅約31.2×奥行約46.5×高さ約59
引き出し内寸サイズ(約):上:23.1×38.6×6.5cm、下:…

https://t.co/gnORJNASlr",,,0,0,0,0,0.0,81.0
82,82,620a2584d4fa798ac3107137,shomkcd,68,,Amazon - Mind Reader,2022-02-14 02:59:49,,ja,Tabtter,"RT @shirotodoragon: #城ドラ 7周年記念
フォロー＆RTキャンペーン開催🎊

／
抽選で合計77名様に
最大7,777円分のAmazonギフト券が当たる！
＼ 

① @shirotodoragon をフォロー
②このツイートをRT

▼詳細情報
https…","#城ドラ 7周年記念
フォロー＆RTキャンペーン開催🎊

／
抽選で合計77名様に
最大7,777円分のAmazonギフト券が当たる！
＼ 

① @shirotodoragon をフォロー
②このツイートをRT

▼詳細情報
https://t.co/IwCLdqgeeX https://t.co/u7GRAc2ly0",shirotodoragon,,0,0,0,0,0.0,82.0
83,83,620a2584d4fa798ac3107138,butter_rolls2,2000,,Amazon - Mind Reader,2022-02-14 02:59:48,,ja,butter_rolls2,"キネマ旬報NEXT(ネクスト) Vol.40 2022年 2/14号

表紙 #SnowMan （#おそ松さん）

他 #赤楚衛二

楽天
https://t.co/v858LC0CqV

Amazon
https://t.co/Y05OdDcFtM

タワレコ/他
注文不可","キネマ旬報NEXT(ネクスト) Vol.40 2022年 2/14号

表紙 #SnowMan （#おそ松さん）

他 #赤楚衛二

楽天
https://t.co/v858LC0CqV

Amazon
https://t.co/Y05OdDcFtM

タワレコ/他
注文不可",,,1,0,0,0,0.1779,83.0
84,84,620a2584d4fa798ac3107139,grami0822,19,,Amazon - Mind Reader,2022-02-14 02:59:48,,ja,Twitter Web App,"RT @WOTV_FFBE: 🍫2022バレンタインデー🍫
TwitterプレゼントCP開催🌟

抽選で14名様に
Amazonギフト券2,000円分をプレゼント🎁

―――✅応募方法✅―――
①@WOTV_FFBE をフォロー
②このツイートをRT
――――――――――――…","🍫2022バレンタインデー🍫
TwitterプレゼントCP開催🌟

抽選で14名様に
Amazonギフト券2,000円分をプレゼント🎁

―――✅応募方法✅―――
①@WOTV_FFBE をフォロー
②このツイートをRT
――――――――――――

ご応募は2/14(月)23:59まで！
ぜひご参加ください♪
#FFBE幻影戦争 #幻影戦争 https://t.co/rJp6tKOIEu",WOTV_FFBE,,0,0,0,0,0.4404,84.0
85,85,620a2584d4fa798ac310713a,smothpl,101,,Amazon - Mind Reader,2022-02-14 02:59:48,,ja,Tabtter,"RT @shirotodoragon: #城ドラ 7周年記念
フォロー＆RTキャンペーン開催🎊

／
抽選で合計77名様に
最大7,777円分のAmazonギフト券が当たる！
＼ 

① @shirotodoragon をフォロー
②このツイートをRT

▼詳細情報
https…","#城ドラ 7周年記念
フォロー＆RTキャンペーン開催🎊

／
抽選で合計77名様に
最大7,777円分のAmazonギフト券が当たる！
＼ 

① @shirotodoragon をフォロー
②このツイートをRT

▼詳細情報
https://t.co/IwCLdqgeeX https://t.co/u7GRAc2ly0",shirotodoragon,,0,0,0,0,0.0,85.0
86,86,620a2584d4fa798ac310713b,WindellLois,3,"Indiana, USA",Amazon - Mind Reader,2022-02-14 02:59:48,,und,GoDaddy Social App,https://t.co/RaCuTk9XqC https://t.co/ScZETHTpS4,https://t.co/RaCuTk9XqC https://t.co/ScZETHTpS4,,,0,0,0,0,0.0,86.0
87,87,620a2584d4fa798ac310713c,KobeSpurlock,1376,a place,Amazon - Mind Reader,2022-02-14 02:59:48,,en,Twitter for Android,Imagine if we'd gotten a proper snyderverse then the beautiful ending that would be flashpoint (a proper flashpoint… https://t.co/Z9gualAcmQ,"Imagine if we'd gotten a proper snyderverse then the beautiful ending that would be flashpoint (a proper flashpoint) with jeffery dean morgan and lauren cohan, and a full fledged amazon vs atlantean war. Would've destroyed Dr Strange. But yay we get Keaton 😐",,,2,0,0,0,0.5346,87.0
88,88,620a2584d4fa798ac310713d,mottii_n,31,ザリガニ,Amazon - Mind Reader,2022-02-14 02:59:48,,ja,Twitter for Android,"Amazon Music内で花鋏キョウ &amp; 獅子神レオナのCosmic Dancersを見る
https://t.co/DRugE0Wvfu","Amazon Music内で花鋏キョウ &amp; 獅子神レオナのCosmic Dancersを見る
https://t.co/DRugE0Wvfu",,,0,0,0,0,0.1779,88.0
89,89,620a2584d4fa798ac310713e,crefw1986,41,,Amazon - Mind Reader,2022-02-14 02:59:48,,ja,Tabtter,"RT @shirotodoragon: #城ドラ 7周年記念
フォロー＆RTキャンペーン開催🎊

／
抽選で合計77名様に
最大7,777円分のAmazonギフト券が当たる！
＼ 

① @shirotodoragon をフォロー
②このツイートをRT

▼詳細情報
https…","#城ドラ 7周年記念
フォロー＆RTキャンペーン開催🎊

／
抽選で合計77名様に
最大7,777円分のAmazonギフト券が当たる！
＼ 

① @shirotodoragon をフォロー
②このツイートをRT

▼詳細情報
https://t.co/IwCLdqgeeX https://t.co/u7GRAc2ly0",shirotodoragon,,0,0,0,0,0.0,89.0
90,90,620a2584d4fa798ac310713f,jinmayuukiidolt,155,大阪府大阪市郊外,Amazon - Mind Reader,2022-02-14 02:59:48,,ja,Twitter for Android,"RT @wixoss_MV: #フォローRTキャンペーン 開催🌸

100名以上に最大10,000円分の
Amazonギフト券当たる🎯
当たるまで毎日参加しよう✨

 ■キャンペーン応募方法
①このアカウントをフォロー
②このツイートをRT
③当選結果がその場で届く！

■詳細…","#フォローRTキャンペーン 開催🌸

100名以上に最大10,000円分の
Amazonギフト券当たる🎯
当たるまで毎日参加しよう✨

 ■キャンペーン応募方法
①このアカウントをフォロー
②このツイートをRT
③当選結果がその場で届く！

■詳細
https://t.co/Cf1fzj1yA9

#wixoss #ウィクマル
#G123",wixoss_MV,,0,0,0,0,0.3182,90.0
91,91,620a2584d4fa798ac3107140,jgmacleodauthor,48388,"Ontario, Canada",Amazon - Mind Reader,2022-02-14 02:59:47,,en,Twitter Web App,"RT @JohnDolanAuthor: These two mystery series set mainly in #Thailand are #free to read on #KindleUnlimited :

TIME, BLOOD AND KARMA
CHILDR…","These two mystery series set mainly in #Thailand are #free to read on #KindleUnlimited :

TIME, BLOOD AND KARMA
CHILDREN OF KARMA

Just click below 🥳
(Each novel also available to purchase at the daft price of $2.99.) 

US https://t.co/mPjSLx549n
UK https://t.co/AP0XIEs1C2 https://t.co/n2MN4IkB7G",JohnDolanAuthor,,0,0,0,0,0.802,91.0
92,92,620a2584d4fa798ac3107141,piper_frank,945,,Amazon - Mind Reader,2022-02-14 02:59:47,,en,Twitter for iPhone,"RT @BishopEAlvarez: Just found out you can pre-order!!!!
Pentecostal Orthodoxy: Toward an Ecumenism of the Spirit https://t.co/MXJDcJ74QM",,BishopEAlvarez,,0,0,0,0,0.4344,92.0
93,93,620a2584d4fa798ac3107142,airi_airi127,23,,Amazon - Mind Reader,2022-02-14 02:59:47,,ja,Twitter for iPhone,"RT @atre_pr: ✨#アトレ #毎日当たる ✨
⭐️#プレゼントキャンペーン ⭐️

Amazonギフト500円分が
合計110名様に #その場で当たる 🎁❤️

1️⃣@atre_pr をフォロー
2️⃣プロフ欄の応募要項に同意し本投稿をRT
🌸リプライ、引用RT大歓…","✨#アトレ #毎日当たる ✨
⭐️#プレゼントキャンペーン ⭐️

Amazonギフト500円分が
合計110名様に #その場で当たる 🎁❤️

1️⃣@atre_pr をフォロー
2️⃣プロフ欄の応募要項に同意し本投稿をRT
🌸リプライ、引用RT大歓迎🌸
〆切 2/15 9:59

当選者にはその場でDM💌❣️
2/14まで毎日RTチャレンジしてね🥰✨ https://t.co/Hu2imEsEqt",atre_pr,,0,0,0,0,0.9726,93.0
94,94,620a2584d4fa798ac3107143,YouNoImCute,2864,Kitchen,Amazon - Mind Reader,2022-02-14 02:59:47,,en,Twitter for iPhone,https://t.co/LmmAerPFIy : Buffy Thrax https://t.co/pbr3NUYs4U,https://t.co/LmmAerPFIy : Buffy Thrax https://t.co/pbr3NUYs4U,,,0,0,0,0,0.0,94.0
95,95,620a2584d4fa798ac3107144,athome_campaign,67732,,Amazon - Mind Reader,2022-02-14 02:59:47,,ja,OWNLY Admin,"@bigguban ご応募ありがとうございます！

抽選結果は動画の最後にあるよ♪
当選した場合は、DMで賞品が届くのでチェックしてね😉✨

🎁✨🎁✨🎁✨🎁✨🎁

抽選でAmazonギフト券1,000円分が当たる
アプリDLキャン… https://t.co/2QQLZ2qUU0","@bigguban ご応募ありがとうございます！

抽選結果は動画の最後にあるよ♪
当選した場合は、DMで賞品が届くのでチェックしてね😉✨

🎁✨🎁✨🎁✨🎁✨🎁

抽選でAmazonギフト券1,000円分が当たる
アプリDLキャンペーン実施中！
こちらもぜひ応募してね▼
https://t.co/CZ91LeRgG0 https://t.co/QTNm9nCxvr",,bigguban,0,0,0,0,0.9719,95.0
96,96,620a2584d4fa798ac3107145,lllolllolllo,681,,Amazon - Mind Reader,2022-02-14 02:59:47,,ja,Twitter for iPhone,"RT @aquaclara_info: ／
その場で当たる‼️
#フォローRTキャンペーン 実施中🎉
＼
合計1000名様にAmazonギフト券300円分があたる🎁✨

✅応募方法
①@aquaclara_infoをフォロー
②本投稿を2/15 9:59迄にRT
③結果が自動で…","／
その場で当たる‼️
#フォローRTキャンペーン 実施中🎉
＼
合計1000名様にAmazonギフト券300円分があたる🎁✨

✅応募方法
①@aquaclara_infoをフォロー
②本投稿を2/15 9:59迄にRT
③結果が自動で届く
規約https://t.co/9UbTmCk06z
#アクアクララ https://t.co/1BwyIvxLlR",aquaclara_info,,0,0,0,0,0.7845,96.0
97,97,620a2584d4fa798ac3107146,nekoronbus_2sei,1260,滋賀県,Amazon - Mind Reader,2022-02-14 02:59:47,,ja,Twitter for iPhone,"RT @sawa46493: /
【本日44回目】本日〆切 プレゼント企画
\

スターバックス ドリンク引換券
抽選でプレゼント🎁

↑PayPay・Amazon・iTunes変更可

☕️応募方法
1️⃣ このツイート RT
2️⃣ このアカウントのフォロー

応募締切 2…","/
【本日44回目】本日〆切 プレゼント企画
\

スターバックス ドリンク引換券
抽選でプレゼント🎁

↑PayPay・Amazon・iTunes変更可

☕️応募方法
1️⃣ このツイート RT
2️⃣ このアカウントのフォロー

応募締切 2022 2/14 23時59分

抽選結果はまとめてツイートします
※コラボ・宣伝・拡散・依頼受付中 https://t.co/jIPdG3aIof",sawa46493,,0,0,0,0,0.4404,97.0
98,98,620a2584d4fa798ac3107147,bigguban,975,,Amazon - Mind Reader,2022-02-14 02:59:46,,ja,Twitter for Android,"RT @athome_campaign: アットホーム
#第二弾新生活応援キャンペーン 🎉
　　 　
🎁Amazonギフト券1,000円分🎁

を抽選で
【毎日50名さま】にプレゼント‼️

応募方法
①@athome_campaignをフォロー
②規約に同意の上、本投稿をRT…","アットホーム
#第二弾新生活応援キャンペーン 🎉
　　 　
🎁Amazonギフト券1,000円分🎁

を抽選で
【毎日50名さま】にプレゼント‼️

応募方法
①@athome_campaignをフォロー
②規約に同意の上、本投稿をRT

抽選結果が自動返信ですぐ届くよ🙌

2022/2/21まで、1日1回応募可能！
チャレンジしてね🥰",athome_campaign,,0,0,0,0,0.9169,98.0
99,99,620a2584d4fa798ac3107148,kumi0071,348,,Amazon - Mind Reader,2022-02-14 02:59:46,,ja,Twitter Web App,"RT @linesec_jp: ／
#LINE証券 Web限定CM⚡️
株をやっている友人が、いきなりカッコよく見える…⁉️👀
＼

#投資デビュー を応援🎉
口座開設＆クイズ正解で、最大3,000円相当の株購入代金プレゼント👉 https://t.co/hZw3uOg9H4…","／
#LINE証券 Web限定CM⚡️
株をやっている友人が、いきなりカッコよく見える…⁉️👀
＼

#投資デビュー を応援🎉
口座開設＆クイズ正解で、最大3,000円相当の株購入代金プレゼント👉 https://t.co/hZw3uOg9H4

🎁Twitter限定🎁
フォロー＆RTでAmazonギフト券1万円分が当たる！
※お礼リプライが届きます",linesec_jp,,0,0,0,0,0.6808,99.0
